date,id,England,Wales,Scotland,Northern Ireland,Variant,Event England,Direction England,Icon England,Event Wales,Direction Wales,Icon Wales,Event Scotland,Direction Scotland,Icon Scotland,Event Northern Ireland,Direction Northern Ireland,Icon Northern Ireland,Event vaccine programme,Direction vaccine programme,Icon vaccine programme
3/1/20,0,0,0,0,0.6,native,,,,,,,,,,,,,,,
3/2/20,1,0,0,0,0.6,native,,,,,,,,,,,,,,,
3/3/20,2,0,0,0,0.6,native,,,,,,,,,,,,,,,
3/4/20,3,0,0,0,0.6,native,,,,,,,,,,,,,,,
3/5/20,4,0,0,0,0.7,native,,,,,,,,,,,,,,,
3/6/20,5,0,0,0,0.8,native,,,,,,,,,,,,,,,
3/7/20,6,0,0,0,0.8,native,,,,,,,,,,,,,,,
3/8/20,7,0,0,0,0.8,native,,,,,,,,,,,,,,,
3/9/20,8,0,0,0,0.9,native,,,,,,,,,,,,,,,
3/10/20,9,0,0,0,1.1,native,,,,,,,,,,,,,,,
3/11/20,10,0,0,0,1.3,native,,,,,,,,,,,,,,,
3/12/20,11,0,0,0,1.5,native,,,,,,,,,,,,,,,
3/13/20,12,0,0,0,1.5,native,,,,,,,,,,,,,,,
3/14/20,13,0,0,0,1.6,native,,,,,,,,,,,,,,,
3/15/20,14,0,0,0,1.6,native,,,,,,,,,,,,,,,
3/16/20,15,0,0,0,1.8,native,non-essential contact and travel advice,closed,travel,non-essential contact and travel advice,closed,travel,non-essential contact and travel advice,closed,travel,non-essential contact and travel advice,closed,travel,,,
3/17/20,16,0,0,0,2,native,,,,,,,,,,,,,,,
3/18/20,17,0,0,0,2.3,native,,,,,,,,,,,,,,,
3/19/20,18,0,0,0,2.3,native,,,,,,,,,,,,,,,
3/20/20,19,2.8,0,0,3,native,,,,,,,,,,,,,,,
3/21/20,20,3.8,0,0,3.7,native,,,,,,,,,,,,,,,
3/22/20,21,4.7,0,0,4.1,native,,,,,,,,,,,,,,,
3/23/20,22,5.6,3.5,0,4.6,native,first UK lockdown,closed,lockdown,first UK lockdown,closed,lockdown,first UK lockdown,closed,lockdown,first UK lockdown,closed,lockdown,,,
3/24/20,23,6.4,4.7,0,5,native,,,,,,,,,,,,,,,
3/25/20,24,7.8,5.9,0,6.1,native,,,,,,,,,,,,,,,
3/26/20,25,9.2,6.4,0,7.4,native,Lockdown regulations come into force,closed,lockdown,Lockdown regulations come into force,closed,lockdown,Lockdown regulations come into force,closed,lockdown,,,,,,
3/27/20,26,11.4,7.7,7.4,8.3,native,,,,,,,,,,,,,,,
3/28/20,27,12.9,9.8,9.3,9.9,native,,,,,,,,,,"NI Executive introduces lockdown powers, in line with rest of UK (previously guidance)",closed,lockdown,,,
3/29/20,28,14.9,10.4,10.3,10.9,native,,,,,,,,,,,,,,,
3/30/20,29,17.4,12.2,11.5,12,native,,,,,,,,,,,,,,,
3/31/20,30,19.7,13.9,13.8,13.3,native,,,,,,,,,,,,,,,
4/1/20,31,21.3,15.2,14.9,14.8,native,,,,,,,,,,,,,,,
4/2/20,32,21.5,16.6,16.6,16.1,native,,,,,,,,,,,,,,,
4/3/20,33,24.1,17.9,19,16.1,native,,,,,,,,,,,,,,,
4/4/20,34,27.4,18.8,20.3,17.4,native,,,,,,,,,,,,,,,
4/5/20,35,29.5,20.9,22,17.4,native,,,,,,,,,,,,,,,
4/6/20,36,30.3,23.1,23.1,18.3,native,,,,,,,,,,,,,,,
4/7/20,37,31.5,23.3,24.3,18.7,native,,,,,,,,,,,,,,,
4/8/20,38,32.1,25.7,25.9,18.8,native,,,,Lockdown restrictions extended,closed,lockdown,,,,,,,,,
4/9/20,39,32.6,25.1,26.3,18.3,native,,,,,,,,,,,,,,,
4/10/20,40,33,26.3,26.7,16.7,native,,,,,,,,,,,,,,,
4/11/20,41,32.9,27.3,26.8,16.8,native,,,,,,,,,,,,,,,
4/12/20,42,33.6,28.7,27.2,16.7,native,,,,,,,,,,,,,,,
4/13/20,43,32.9,28.3,27.1,16.2,native,,,,,,,,,,,,,,,
4/14/20,44,32.8,29,27.7,15.6,native,,,,,,,,,,,,,,,
4/15/20,45,31.7,27.9,27.2,14.7,native,,,,,,,,,,Lockdown restrictions extended,closed,lockdown,,,
4/16/20,46,31.4,26.6,27.1,14.9,native,Lockdown restrictions extended,closed,lockdown,,,,Lockdown restrictions extended,closed,lockdown,,,,,,
4/17/20,47,29.6,26,27.2,15.3,native,,,,,,,,,,,,,,,
4/18/20,48,29.8,25.8,27.5,15.1,native,,,,,,,,,,,,,,,
4/19/20,49,29.9,26.1,27.8,15.7,native,,,,,,,,,,,,,,,
4/20/20,50,29.4,26.9,27.8,16,native,,,,,,,,,,,,,,,
4/21/20,51,29.2,26.4,26.9,16.5,native,,,,,,,,,,,,,,,
4/22/20,52,28.3,24.4,26.2,16.4,native,,,,,,,,,,,,,,,
4/23/20,53,27.2,23.4,26,15.9,native,,,,,,,,,,,,,,,
4/24/20,54,25.9,23.4,25.3,15.6,native,,,,,,,,,,,,,,,
4/25/20,55,25.1,22.7,25.3,15.7,native,,,,,,,,,,,,,,,
4/26/20,56,25.1,22.4,25.3,15.2,native,,,,,,,,,,,,,,,
4/27/20,57,25.2,23.2,25.4,15.1,native,,,,,,,,,,,,,,,
4/28/20,58,24,21.3,24.9,14.6,native,,,,,,,,,,,,,,,
4/29/20,59,23.4,20.9,24.9,14.2,native,,,,,,,,,,,,,,,
4/30/20,60,22.9,20.3,24.2,14.5,native,,,,,,,,,,,,,,,
5/1/20,61,22.3,16.7,23.8,14.2,native,,,,,,,,,,,,,,,
5/2/20,62,21.8,16.4,23.4,14.1,native,,,,,,,,,,,,,,,
5/3/20,63,21.4,17,23.2,13.9,native,,,,,,,,,,,,,,,
5/4/20,64,21.3,17,23.4,13.7,native,,,,,,,,,,,,,,,
5/5/20,65,20.8,15.8,22.4,12.8,native,,,,,,,,,,,,,,,
5/6/20,66,19.9,15.1,22,12.6,native,,,,,,,,,,,,,,,
5/7/20,67,19,14.8,21.9,12.2,native,,,,,,,,,,,,,,,
5/8/20,68,18.1,13.1,21.4,11.6,native,,,,,,,,,,,,,,,
5/9/20,69,18,14.1,21.2,12.2,native,,,,,,,,,,,,,,,
5/10/20,70,17.5,14.5,20.7,12.7,native,People unable to work from home should return to work,open,work,,,,,,,,,,,,
5/11/20,71,17.9,14.7,20.9,13.1,native,,,,,,,,,,,,,,,
5/12/20,72,17.3,13.4,20.7,12.9,native,,,,,,,,,,,,,,,
5/13/20,73,17,12.4,20.1,12.9,native,,,,,,,,,,,,,,,
5/14/20,74,16.3,11.5,20.1,11.9,native,,,,,,,,,,,,,,,
5/15/20,75,16.1,10.6,19.5,11.1,native,,,,,,,,,,,,,,,
5/16/20,76,15.3,11.9,18.5,10.9,native,,,,,,,,,,,,,,,
5/17/20,77,15.2,11.8,18.4,11,native,,,,,,,,,,,,,,,
5/18/20,78,15.3,11.2,18.4,10.7,native,,,,,,,,,,Garden centres reopen,open,shops,,,
5/19/20,79,15.1,10.4,17.7,10.4,native,,,,,,,,,,,,,,,
5/20/20,80,14.4,10.2,17.3,9.5,native,,,,,,,,,,,,,,,
5/21/20,81,14,9.7,16.6,9.1,native,,,,,,,,,,,,,,,
5/22/20,82,13.7,12.1,16,8.7,native,,,,,,,,,,,,,,,
5/23/20,83,13.1,12.1,15.4,8.5,native,,,,,,,,,,,,,,,
5/24/20,84,13.1,12.4,15.5,8.5,native,,,,,,,,,,,,,,,
5/25/20,85,13.2,12,15.5,8.4,native,,,,,,,,,,,,,,,
5/26/20,86,12.9,13.8,15.2,8.3,native,,,,,,,,,,,,,,,
5/27/20,87,12.1,13.4,14.8,7.9,native,,,,,,,,,,,,,,,
5/28/20,88,11.5,13.8,14.6,7.6,native,,,,,,,,,,,,,,,
5/29/20,89,11.1,13.6,14.1,7.2,native,,,,,,,,,,,,,,,
5/30/20,90,10.6,13.3,13.5,7.2,native,,,,,,,,,,,,,,,
5/31/20,91,10.5,13.7,13.4,7.3,native,,,,,,,,,,,,,,,
6/1/20,92,10.5,13.6,13.5,6.7,native,Phased reopening of schools,open,schools,,,,,,,,,,,,
6/2/20,93,10.3,13.5,13.1,6.3,native,,,,,,,,,,,,,,,
6/3/20,94,9.9,12.6,13,5.7,native,,,,,,,,,,,,,,,
6/4/20,95,9.5,12.5,12.6,5.1,native,,,,,,,,,,,,,,,
6/5/20,96,9.2,12.4,12.5,4.9,native,,,,,,,,,,,,,,,
6/6/20,97,8.8,12.7,11.9,4.7,native,,,,,,,,,,,,,,,
6/7/20,98,8.5,12.1,11.9,4.7,native,,,,,,,,,,,,,,,
6/8/20,99,8.5,11.1,12.1,4.7,native,,,,,,,,,,Phase reopening of non-essential shops,open,shops,,,
6/9/20,100,8.2,10.8,11.8,4.4,native,,,,,,,,,,,,,,,
6/10/20,101,7.9,10.1,11.5,4.3,native,,,,,,,,,,,,,,,
6/11/20,102,7.4,9.9,11.2,4,native,,,,,,,,,,,,,,,
6/12/20,103,7.3,9.3,10.8,3.7,native,,,,,,,,,,,,,,,
6/13/20,104,7.1,9.2,10.6,3.6,native,,,,,,,,,,,,,,,
6/14/20,105,7,9.2,10.5,3.5,native,,,,,,,,,,,,,,,
6/15/20,106,6.9,9.7,10.6,3.5,native,non-essential shops re-open,open,shops,,,,,,,,,,,,
6/16/20,107,7,9.6,10.4,3.1,native,,,,,,,,,,,,,,,
6/17/20,108,6.8,9.1,10.1,2.8,native,,,,,,,,,,,,,,,
6/18/20,109,6.5,9,10,2.6,native,,,,,,,,,,,,,,,
6/19/20,110,6.3,8.7,9.5,2.4,native,,,,,,,,,,,,,,,
6/20/20,111,6.1,8.6,9.3,2.5,native,,,,,,,,,,,,,,,
6/21/20,112,6,8.8,9.5,2.7,native,,,,,,,,,,,,,,,
6/22/20,113,6,9.4,9.4,2.8,native,,,,Non-essential shops reopen,open,shops,Face coverings mandatory public transport,closed,masks,,,,,,
6/23/20,114,5.8,8.9,9.4,2.8,native,,,,,,,,,,,,,,,
6/24/20,115,5.7,8.5,8.9,2.6,native,,,,,,,,,,,,,,,
6/25/20,116,5.4,8.4,8.6,2.5,native,,,,,,,,,,,,,,,
6/26/20,117,5.1,8,8.5,2.2,native,,,,,,,,,,,,,,,
6/27/20,118,5,7.3,8.3,2,native,,,,,,,,,,,,,,,
6/28/20,119,5,7.8,8.3,2.2,native,,,,,,,,,,,,,,,
6/29/20,120,5.3,7.4,8.3,2,native,,,,Schools reopen for 1/3 pupils at a time,open,schools,Non-essential shops (except in shopping centres) reopen,open,shops,,,,,,
6/30/20,121,4.7,7.4,8.2,1.8,native,,,,,,,,,,,,,,,
7/1/20,122,4.4,6.9,8,1.7,native,,,,,,,,,,,,,,,
7/2/20,123,4.3,6.5,7.9,1.7,native,,,,,,,,,,,,,,,
7/3/20,124,4.1,6.2,7.7,1.5,native,,,,,,,,,,"Hospitality reopens, but only pubs selling food open indoors",open,hospitality,,,
7/4/20,125,3.8,6,7.9,1.6,native,Hospitality sector restrictions eased but local lockdown in Leicester,open,hospitality,,,,,,,,,,,,
7/5/20,126,3.7,5.9,7.8,1.6,native,,,,,,,,,,,,,,,
7/6/20,127,3.7,5.9,7,1.6,native,,,,,,,Outdoor hospitality reopens,open,hospitality,,,,,,
7/7/20,128,3.6,5.7,6.9,1.7,native,,,,,,,,,,,,,,,
7/8/20,129,3.3,5.6,6.5,1.7,native,,,,,,,,,,,,,,,
7/9/20,130,3.2,5.4,6.3,1.6,native,,,,,,,,,,,,,,,
7/10/20,131,3.1,4.2,6.2,1.5,native,,,,,,,,,,,,,,,
7/11/20,132,2.9,4,5.9,1.6,native,,,,,,,,,,,,,,,
7/12/20,133,2.8,4.2,6,1.5,native,,,,,,,,,,,,,,,
7/13/20,134,2.9,4.4,6.1,1.4,native,,,,Outdoor hospitality reopens,open,hospitality,,,,,,,,,
7/14/20,135,2.7,4.3,6,1.3,native,,,,,,,,,,,,,,,
7/15/20,136,2.6,4.1,6,1.4,native,,,,,,,Indoor hospitality reopens,open,hospitality,,,,,,
7/16/20,137,2.4,4.3,5.9,1.4,native,,,,,,,,,,,,,,,
7/17/20,138,2.4,3.8,5.8,1.3,native,,,,,,,,,,,,,,,
7/18/20,139,2.3,3.9,5.6,1.4,native,,,,,,,,,,,,,,,
7/19/20,140,2.3,3.6,5.5,1.4,native,,,,,,,,,,,,,,,
7/20/20,141,2.3,4.1,5.5,1.5,native,,,,,,,,,,,,,,,
7/21/20,142,2.1,3.7,5.5,1.4,native,,,,,,,,,,,,,,,
7/22/20,143,2.3,3.9,5.4,1.3,native,,,,,,,,,,,,,,,
7/23/20,144,1.9,4.2,5.3,1.3,native,,,,,,,,,,,,,,,
7/24/20,145,1.8,4.2,5.1,1.4,native,,,,,,,,,,,,,,,
7/25/20,146,1.7,4.1,4.9,1.4,native,,,,,,,,,,,,,,,
7/26/20,147,1.7,4,4.9,1.3,native,,,,,,,,,,,,,,,
7/27/20,148,1.7,4.1,4.9,1.4,native,,,,,,,,,,,,,,,
7/28/20,149,1.7,4.3,4.8,1.4,native,,,,,,,,,,,,,,,
7/29/20,150,1.6,4.3,4.8,1.4,native,,,,,,,,,,,,,,,
7/30/20,151,1.6,4.2,4.8,1.3,native,,,,,,,,,,,,,,,
7/31/20,152,1.5,3.7,4.7,1.4,native,,,,,,,,,,,,,,,
8/1/20,153,1.6,3.9,4.8,1.5,native,,,,,,,,,,,,,,,
8/2/20,154,1.5,3.7,4.8,1.4,native,,,,,,,,,,,,,,,
8/3/20,155,1.5,3.8,4.8,1.4,native,,,,More restictions eased,open,lockdown,,,,,,,,,
8/4/20,156,1.4,3.6,4.9,1.3,native,,,,,,,,,,,,,,,
8/5/20,157,1.4,3.3,4.9,1.3,native,,,,,,,,,,,,,,,
8/6/20,158,1.3,3.2,4.9,1.4,native,,,,,,,,,,,,,,,
8/7/20,159,1.3,3,4.8,1.4,native,,,,,,,,,,,,,,,
8/8/20,160,1.1,2.8,4.8,1.5,native,,,,,,,,,,,,,,,
8/9/20,161,1.1,2.6,4.8,1.6,native,,,,,,,,,,,,,,,
8/10/20,162,1.3,2.5,4.9,1.5,native,,,,,,,,,,,,,,,
8/11/20,163,1.2,2.2,4.9,1.6,native,,,,,,,Schools reopen for Autumn term,open,schools,,,,,,
8/12/20,164,1.1,2.2,4.8,1.5,native,,,,,,,,,,,,,,,
8/13/20,165,1.2,2.1,4.7,1.6,native,,,,,,,,,,,,,,,
8/14/20,166,1.1,2.2,4.6,1.6,native,More restrictions eased,open,lockdown,,,,,,,,,,,,
8/15/20,167,1.1,2.2,4.5,1.7,native,,,,,,,,,,,,,,,
8/16/20,168,1.1,2.2,4.4,1.7,native,,,,,,,,,,,,,,,
8/17/20,169,1.1,2.2,4.5,2,native,,,,,,,,,,,,,,,
8/18/20,170,1.1,1.9,4.6,2.2,native,,,,,,,,,,,,,,,
8/19/20,171,1,1.9,4.5,2.5,native,,,,,,,,,,,,,,,
8/20/20,172,1,1.9,4.5,2.7,native,,,,,,,,,,,,,,,
8/21/20,173,0.9,1.7,4.6,2.8,native,,,,Up to four households able to meet,open,gatherings,,,,,,,,,
8/22/20,174,1.1,1.6,4.5,2.7,native,,,,,,,,,,,,,,,
8/23/20,175,0.9,1.6,4.5,2.8,native,,,,,,,,,,,,,,,
8/24/20,176,0.9,1.6,4.5,3,native,,,,,,,,,,Phased reopening of schools,open,schools,,,
8/25/20,177,0.9,1.5,4.4,2.8,native,,,,,,,,,,,,,,,
8/26/20,178,0.9,1.5,4.6,2.5,native,,,,,,,,,,,,,,,
8/27/20,179,0.9,1.3,4.7,2.7,native,,,,,,,,,,,,,,,
8/28/20,180,0.8,1.3,4.7,2.8,native,,,,,,,,,,,,,,,
8/29/20,181,0.8,1.3,4.7,3,native,,,,,,,,,,,,,,,
8/30/20,182,0.8,1.5,4.6,2.9,native,,,,,,,,,,,,,,,
8/31/20,183,0.9,1.3,4.7,3.2,native,,,,,,,,,,,,,,,
9/1/20,184,0.9,1.4,4.8,3.1,native,,,,,,,,,,,,,,,
9/2/20,185,0.8,1.3,4.7,2.8,native,,,,,,,,,,,,,,,
9/3/20,186,0.8,1.2,4.7,2.8,native,,,,,,,,,,,,,,,
9/4/20,187,0.8,1.1,4.7,2.7,native,,,,,,,,,,,,,,,
9/5/20,188,0.8,1.2,4.6,2.7,native,,,,,,,,,,,,,,,
9/6/20,189,0.9,1.1,4.5,2.9,native,,,,,,,,,,,,,,,
9/7/20,190,1,1.2,4.7,2.8,native,,,,"First local restrictions implement, in Caerphilly",closed,lockdown,,,,,,,,,
9/8/20,191,0.9,1.1,4.9,3.1,native,,,,,,,,,,,,,,,
9/9/20,192,1,1.2,5,3,native,,,,,,,,,,,,,,,
9/10/20,193,1,1.5,4.9,3.1,native,,,,,,,,,,,,,,,
9/11/20,194,1.1,1.3,0.8,3.3,native,,,,,,,,,,,,,,,
9/12/20,195,1.2,1.3,0.8,3.5,native,,,,,,,,,,,,,,,
9/13/20,196,1.2,1.1,0.8,3.8,native,,,,,,,,,,,,,,,
9/14/20,197,1.4,1.4,0.9,4,native,Rule of 6 for indoor gatherings,closed,gatherings,Rule of 6 for indoor gatheirngs,closed,gatherings,,,,,,,,,
9/15/20,198,1.6,1.7,0.9,4,native,,,,,,,,,,,,,,,
9/16/20,199,1.6,1.7,0.9,3.9,native,,,,,,,,,,,,,,,
9/17/20,200,1.7,1.7,1,3.8,native,,,,,,,,,,,,,,,
9/18/20,201,1.8,2.1,1.1,3.9,native,,,,,,,,,,,,,,,
9/19/20,202,1.9,2.6,1.2,3.9,native,,,,,,,,,,,,,,,
9/20/20,203,2.1,2.6,1.2,4.2,native,,,,,,,,,,,,,,,
9/21/20,204,2.3,3.1,1.3,4.6,native,,,,,,,,,,,,,,,
9/22/20,205,2.4,2.9,1.3,4.9,native,Return to home working and curfew on hospitality sector,closed,work,,,,,,,Restrictions to household mixing,closed,gatherings,,,
9/23/20,206,2.5,3.5,1.5,5.2,native,,,,,,,"Ban on home gatherings, only six people outside",closed,gatherings,,,,,,
9/24/20,207,2.7,3.6,1.6,5.3,native,,,,Hospitality curfew,closed,hospitality,,,,,,,,,
9/25/20,208,3,4.6,1.6,5.3,native,,,,,,,Curfew in hospitality sector,closed,hospitality,,,,,,
9/26/20,209,3,4.3,1.8,5.8,native,Hospitality curfew,closed,hospitality,,,,,,,,,,,,
9/27/20,210,3.2,5.4,1.9,6.3,native,,,,,,,,,,,,,,,
9/28/20,211,3.5,5.9,2.2,7.1,native,,,,,,,,,,,,,,,
9/29/20,212,3.5,6.5,2.3,7.3,native,,,,,,,,,,,,,,,
9/30/20,213,3.6,6.7,2.5,7.8,native,,,,,,,,,,Curfew in hospitality sector,closed,hospitality,,,
10/1/20,214,3.7,6.8,2.8,8.2,native,,,,,,,,,,,,,,,
10/2/20,215,3.9,6.9,3.2,8,native,,,,,,,,,,,,,,,
10/3/20,216,4,6.9,3.5,8.8,native,,,,,,,,,,,,,,,
10/4/20,217,4.3,7.3,3.8,9.6,native,,,,,,,,,,,,,,,
10/5/20,218,4.8,7.9,4,10.5,native,,,,,,,,,,,,,,,
10/6/20,219,5.1,8.2,4.8,11.4,native,,,,,,,,,,,,,,,
10/7/20,220,5.4,8.7,5.8,12.2,native,,,,,,,,,,,,,,,
10/8/20,221,5.6,9,6.9,13,native,,,,,,,,,,,,,,,
10/9/20,222,5.7,9.2,7.3,12.9,native,,,,,,,Regional restrictions introduced,closed,lockdown,,,,,,
10/10/20,223,6,9.2,7.9,14,native,,,,,,,,,,,,,,,
10/11/20,224,6.4,10.3,8.2,15.4,native,,,,,,,,,,,,,,,
10/12/20,225,6.8,11,8.9,15.7,native,,,,,,,,,,,,,,,
10/13/20,226,7.3,10.9,9.6,16.7,native,,,,,,,,,,,,,,,
10/14/20,227,7.6,12.1,10.4,17.5,native,3 tier system introduced,closed,lockdown,Travel restrictions to Wales from elswhere in UK,closed,travel,,,,,,,,,
10/15/20,228,8.1,13.1,11,18.5,native,,,,,,,,,,,,,,,
10/16/20,229,8.6,13.9,11.5,19.7,native,,,,,,,,,,"Hospitality sector restricted to take away, schools closed for 2 weeks",closed,hospitality,,,
10/17/20,230,8.9,13.8,12.3,21.5,native,,,,,,,,,,,,,,,
10/18/20,231,9.2,15.2,13,22.9,native,,,,,,,,,,,,,,,
10/19/20,232,10,15.5,13.8,23.5,native,,,,,,,,,,,,,,,
10/20/20,233,10.7,15.5,15.1,24.5,native,,,,,,,,,,,,,,,
10/21/20,234,11.1,16.5,16,24.5,native,,,,,,,,,,,,,,,
10/22/20,235,11.2,17.4,17.1,25.5,native,,,,,,,,,,,,,,,
10/23/20,236,12.1,18,17.8,26.3,native,,,,Circuit break lockdown,closed,lockdown,,,,,,,,,
10/24/20,237,12.7,18.1,18,27.8,native,,,,,,,,,,,,,,,
10/25/20,238,13.5,19.3,18.6,28.9,native,,,,,,,,,,,,,,,
10/26/20,239,13.9,20.6,19.2,28.9,native,,,,,,,,,,,,,,,
10/27/20,240,15.2,21.6,20.1,29.5,native,,,,,,,,,,,,,,,
10/28/20,241,16,21.9,20.4,29.2,native,,,,,,,,,,,,,,,
10/29/20,242,16.1,23.3,21.1,29.9,native,,,,,,,,,,,,,,,
10/30/20,243,16.4,24,21.4,29.6,native,,,,,,,,,,,,,,,
10/31/20,244,17.3,25.1,21.1,30.7,native,,,,,,,,,,,,,,,
11/1/20,245,17,25.5,22,31.4,native,,,,,,,,,,,,,,,
11/2/20,246,18.4,27.3,22.6,32.1,native,,,,,,,Levels approach introduced,closed,lockdown,,,,,,
11/3/20,247,19.4,28.4,23.1,32.4,native,,,,,,,,,,,,,,,
11/4/20,248,19.5,28.8,23,32.2,native,,,,,,,,,,,,,,,
11/5/20,249,19.4,29.8,22.9,31.9,native,Second national lockdown,closed,lockdown,,,,,,,,,,,,
11/6/20,250,19.8,29.8,22.6,31.4,native,,,,,,,,,,,,,,,
11/7/20,251,20.4,30.1,22.8,31.8,native,,,,,,,,,,,,,,,
11/8/20,252,20.7,31.3,22.8,33.2,native,,,,,,,,,,,,,,,
11/9/20,253,21.7,32.5,22.4,33,native,,,,Circuit break lockdown ends,open,lockdown,,,,,,,,,
11/10/20,254,21.3,32.9,22.7,34.2,native,,,,,,,,,,,,,,,
11/11/20,255,22.5,33.3,22.6,34.2,native,,,,,,,,,,,,,,,
11/12/20,256,22.9,33.6,22.1,33.8,native,,,,,,,,,,,,,,,
11/13/20,257,23.6,33.4,22.5,32.8,native,,,,,,,,,,,,,,,
11/14/20,258,23.7,34.1,21.9,32.9,native,,,,,,,,,,,,,,,
11/15/20,259,24.6,34.8,22.7,33.4,native,,,,,,,,,,,,,,,
11/16/20,260,25.3,35.6,22.4,34.1,native,,,,,,,,,,,,,,,
11/17/20,261,25.5,36.1,22.9,33.6,native,,,,,,,,,,,,,,,
11/18/20,262,25.6,35.4,22.7,33.5,native,,,,,,,,,,,,,,,
11/19/20,263,25.6,36,22.2,33.2,native,,,,,,,,,,,,,,,
11/20/20,264,25.2,34.7,22.6,32.4,native,,,,,,,Travel restrictions between levels,closed,travel,,,,,,
11/21/20,265,25,35.5,21.8,33.1,native,,,,,,,,,,,,,,,
11/22/20,266,25.4,34.9,21.4,33.6,native,,,,,,,,,,,,,,,
11/23/20,267,26,36.3,22.1,32.3,native,,,,,,,,,,,,,,,
11/24/20,268,25.7,35.1,21.9,32.1,native,"UK wide Christmas rules agreed including 3 household bubble from 23 to 27 December, later limited to Christmas day only",open,gatherings,"UK wide Christmas rules agreed including 3 household bubble from 23 to 27 December, later limited to Christmas day only",open,gatherings,"UK wide Christmas rules agreed including 3 household bubble from 23 to 27 December, later limited to Christmas day only",open,gatherings,"UK wide Christmas rules agreed including 3 household bubble from 23 to 27 December, later limited to Christmas day only",open,gatherings,,,
11/25/20,269,25.2,35.6,21.1,32.1,native,,,,,,,,,,,,,,,
11/26/20,270,24.6,35.8,20.6,31.4,native,,,,,,,,,,,,,,,
11/27/20,271,24.3,35.6,20.1,31.1,native,,,,,,,,,,Lockdown measures across several sectors,closed,lockdown,,,
11/28/20,272,23.4,34.9,19.6,31.5,native,,,,,,,,,,,,,,,
11/29/20,273,23.9,35.5,19.2,32.7,native,,,,,,,,,,,,,,,
11/30/20,274,24.3,36.3,19,32.6,native,,,,,,,,,,,,,,,
12/1/20,275,23.9,36.9,18.7,32.4,alpha,,,,,,,,,,,,,,,
12/2/20,276,23.4,37.2,18.1,31.4,alpha,,,,,,,,,,,,,,,
12/3/20,277,22.8,37.4,18,31.3,alpha,,,,,,,,,,,,,,,
12/4/20,278,23,37.1,17.7,31.7,alpha,,,,,,,,,,,,,,,
12/5/20,279,22.9,36.8,17.3,32.1,alpha,,,,,,,,,,,,,,,
12/6/20,280,23.3,37.8,17.4,32.8,alpha,,,,,,,,,,,,,,,
12/7/20,281,24.1,38.1,17.8,32.6,alpha,,,,,,,,,,,,,,,
12/8/20,282,24.1,38.8,18,33.5,alpha,,,,,,,,,,,,,Vaccine roll-out begins,closed,vaccine
12/9/20,283,23.8,40.4,17.8,32.3,alpha,,,,,,,,,,,,,,,
12/10/20,284,24.4,41.9,18,32.5,alpha,,,,,,,,,,,,,,,
12/11/20,285,24.6,43.7,18.3,31.7,alpha,,,,,,,,,,,,,,,
12/12/20,286,24.6,43.2,18.2,32.7,alpha,,,,,,,,,,,,,,,
12/13/20,287,25.6,45,18.6,33.7,alpha,,,,,,,,,,,,,,,
12/14/20,288,26.6,48.2,18.5,34.4,alpha,,,,,,,,,,,,,,,
12/15/20,289,26.6,48.1,18.2,35.1,alpha,,,,,,,,,,,,,,,
12/16/20,290,27.3,47.7,18.9,35,alpha,,,,,,,,,,,,,,,
12/17/20,291,27.8,49.6,18.5,34,alpha,,,,,,,,,,,,,,,
12/18/20,292,28.1,50,18.9,33.5,alpha,,,,,,,,,,,,,,,
12/19/20,293,28.6,50.6,18.9,33.9,alpha,,,,,,,,,,,,,,,
12/20/20,294,29.4,52.1,19.4,34.8,alpha,,,,,,,,,,,,,,,
12/21/20,295,31.3,53.1,19.7,35,alpha,,,,,,,,,,,,,,,
12/22/20,296,31.9,54.5,19.1,34.5,alpha,,,,,,,,,,,,,,,
12/23/20,297,31.5,54.3,18.8,34,alpha,,,,,,,,,,,,,,,
12/24/20,298,32.2,54,18.4,33.3,alpha,,,,,,,,,,,,,,,
12/25/20,299,31.3,50.4,17.8,34.2,alpha,,,,,,,,,,,,,,,
12/26/20,300,32.4,54.1,18,35.9,alpha,,,,,,,,,,,,,,,
12/27/20,301,34.1,56.2,18.2,37.6,alpha,,,,,,,,,,,,,,,
12/28/20,302,36.1,58.1,19,39.1,alpha,,,,,,,,,,,,,,,
12/29/20,303,38.5,59.7,20,41.1,alpha,,,,,,,,,,,,,,,
12/30/20,304,40.2,60,20.7,42.5,alpha,,,,,,,,,,,,,,,
12/31/20,305,40.2,59.3,21.5,42,alpha,,,,,,,,,,,,,,,
1/1/21,306,39.8,58,21.8,43.8,alpha,,,,,,,,,,,,,,,
1/2/21,307,41.7,61.1,22.2,45.2,alpha,,,,,,,,,,,,,,,
1/3/21,308,44.1,61.1,22.8,47.2,alpha,,,,,,,,,,,,,,,
1/4/21,309,47.1,62,23.5,47.6,alpha,Schools reopen,open,schools,Schools closed,closed,schools,,,,,,,,,
1/5/21,310,46.8,62,24.6,48,alpha,,,,,,,Mainland Scotland entered lockdown,closed,lockdown,Stay at home order,closed,lockdown,,,
1/6/21,311,49,60.4,25.3,48.7,alpha,Third national lockdown (incuding closing schools),closed,lockdown,,,,,,,,,,,,
1/7/21,312,49.9,61.2,26.8,49.2,alpha,,,,,,,,,,,,,,,
1/8/21,313,51.9,61.1,28,51.1,alpha,,,,Level 4 restrictions continue,closed,lockdown,,,,,,,,,
1/9/21,314,52.1,62.3,29.2,52.8,alpha,,,,,,,,,,,,,,,
1/10/21,315,54.4,62.6,29.2,55.6,alpha,,,,,,,,,,,,,,,
1/11/21,316,56.7,62.2,30.4,55.3,alpha,,,,,,,,,,,,,,,
1/12/21,317,56.9,63.4,31.4,55.7,alpha,,,,,,,,,,,,,,,
1/13/21,318,57.8,61.5,32.8,55.8,alpha,,,,,,,,,,,,,,,
1/14/21,319,58.2,59.3,33.7,55.3,alpha,,,,,,,,,,,,,,,
1/15/21,320,59,59.1,34.4,53.8,alpha,,,,,,,,,,,,,,,
1/16/21,321,58.2,58.7,34.6,54.9,alpha,,,,,,,,,,,,,,,
1/17/21,322,59,58.5,35.1,55.3,alpha,,,,,,,,,,,,,,,
1/18/21,323,60.7,60.9,35.8,54.3,alpha,,,,,,,,,,,,,,,
1/19/21,324,60.2,58.1,36.4,53,alpha,,,,,,,,,,,,,,,
1/20/21,325,59.9,58.9,36.6,52,alpha,,,,,,,,,,,,,,,
1/21/21,326,58.8,57.8,36.7,52.2,alpha,,,,,,,,,,,,,,,
1/22/21,327,59.1,57.5,37.6,51.3,alpha,,,,,,,,,,,,,,,
1/23/21,328,57.7,56.3,37.1,51.5,alpha,,,,,,,,,,,,,,,
1/24/21,329,58.2,57.3,36.8,52.7,alpha,,,,,,,,,,,,,,,
1/25/21,330,58.2,57.8,36.9,51.3,alpha,,,,,,,,,,,,,,,
1/26/21,331,57.2,57.1,36.8,50,alpha,,,,,,,,,,,,,,,
1/27/21,332,54.5,55.1,36.9,47.9,alpha,,,,,,,,,,,,,,,
1/28/21,333,53.6,54.3,36.3,46.1,alpha,,,,,,,,,,,,,,,
1/29/21,334,51.9,53.2,35.8,44.6,alpha,,,,,,,,,,,,,,,
1/30/21,335,50.5,51.8,35.7,44.9,alpha,,,,,,,,,,,,,,,
1/31/21,336,49.7,52.9,35.5,45.2,alpha,,,,,,,,,,,,,,,
2/1/21,337,50.5,51.7,35.8,43.6,alpha,,,,,,,,,,,,,,,
2/2/21,338,48.4,51.7,35.4,42.1,alpha,,,,,,,,,,,,,,,
2/3/21,339,46.6,50.4,34.1,40.5,alpha,,,,,,,,,,,,,,,
2/4/21,340,44.8,48.7,33.2,38.2,alpha,,,,,,,,,,,,,,,
2/5/21,341,43.2,47.5,32.8,35.9,alpha,,,,,,,,,,,,,,,
2/6/21,342,40.7,46.4,31.6,35.6,alpha,,,,,,,,,,,,,,,
2/7/21,343,40.7,44.9,31.3,35.7,alpha,,,,,,,,,,,,,,,
2/8/21,344,40.7,44.6,30.6,33.8,alpha,,,,,,,,,,,,,,,
2/9/21,345,39,43.9,29.6,32.3,alpha,,,,,,,,,,,,,,,
2/10/21,346,37,43.1,28.2,30.8,alpha,,,,,,,,,,,,,,,
2/11/21,347,35.3,43.3,27.4,29.5,alpha,,,,,,,,,,,,,,,
2/12/21,348,33.6,41.6,26.9,27.8,alpha,,,,,,,,,,,,,,,
2/13/21,349,31.3,41.1,26.5,27.7,alpha,,,,,,,,,,,,,,,
2/14/21,350,31.5,40.8,26.4,28,alpha,,,,,,,,,,,,,,,
2/15/21,351,31.4,41.4,26.1,27.7,alpha,Hotel quantine for travellers from high risk countries (for Delta variant),closed,travel,,,,,,,,,,,,
2/16/21,352,30.2,39.3,25.3,26.1,alpha,,,,,,,,,,,,,,,
2/17/21,353,29.1,37.8,24.1,25.1,alpha,,,,,,,,,,,,,,,
2/18/21,354,27.6,36.8,23.1,24.5,alpha,,,,,,,,,,,,,,,
2/19/21,355,26.6,36.9,22.4,23.7,alpha,,,,,,,,,,,,,,,
2/20/21,356,25.3,35.4,21.1,23.8,alpha,,,,,,,,,,,,,,,
2/21/21,357,25,35.9,20.7,23.6,alpha,,,,,,,,,,,,,,,
2/22/21,358,25,36.3,20.9,22.6,alpha,,,,"return to school for 3-7 year olds, and children sitting vocational exams",open,schools,Children at nursery and 3-7 year olds return to class room,open,schools,,,,,,
2/23/21,359,23.9,35.2,19.7,21.8,alpha,,,,,,,,,,,,,,,
2/24/21,360,23,35.3,18.6,20.6,alpha,,,,,,,,,,,,,,,
2/25/21,361,22,33.3,17.7,19.9,alpha,,,,,,,,,,,,,,,
2/26/21,362,20.8,32.3,16.9,18.5,alpha,,,,,,,,,,,,,,,
2/27/21,363,19.6,29.5,16.4,18.3,alpha,,,,,,,,,,,,,,,
2/28/21,364,18.9,29.8,15.3,18.1,alpha,,,,,,,,,,,,,,,
3/1/21,365,19,30.6,15.1,17.7,alpha,Schools reopen,open,schools,,,,,,,,,,,,
3/2/21,366,17.9,29.2,14.3,16.4,alpha,,,,,,,,,,,,,,,
3/3/21,367,17,28.1,13.7,15.2,alpha,,,,,,,,,,,,,,,
3/4/21,368,16.1,26.7,13.1,14.7,alpha,,,,,,,,,,,,,,,
3/5/21,369,15.2,25,12.2,13.7,alpha,,,,,,,,,,,,,,,
3/6/21,370,14.2,25,11.7,13.7,alpha,,,,,,,,,,,,,,,
3/7/21,371,13.8,23.9,11.5,13.8,alpha,,,,,,,,,,,,,,,
3/8/21,372,13.9,22.5,12,13.8,alpha,,,,,,,,,,"Schools start to reopen, initially for primary school children",open,schools,,,
3/9/21,373,13.2,22.1,11.2,12.9,alpha,,,,,,,,,,,,,,,
3/10/21,374,12.3,20.8,10.6,11.7,alpha,,,,,,,,,,,,,,,
3/11/21,375,11.8,20,9.6,11.7,alpha,,,,,,,,,,,,,,,
3/12/21,376,11.3,19.3,9.4,11.4,alpha,,,,,,,,,,,,,,,
3/13/21,377,10.7,19.4,8.8,11.7,alpha,,,,Local travel and two household mixing permitted,open,travel,,,,,,,,,
3/14/21,378,10.7,18.9,8.4,11.6,alpha,,,,,,,,,,,,,,,
3/15/21,379,10.6,18.2,8.2,11.1,alpha,,,,Further school reopening,open,schools,"Schools reopen, although only part time for secondary school children",open,schools,,,,,,
3/16/21,380,10,17,8,10.8,alpha,,,,,,,,,,,,,,,
3/17/21,381,9.5,17.6,7.7,11.1,alpha,,,,,,,,,,,,,,,
3/18/21,382,9,14.5,7.4,10.8,alpha,,,,,,,,,,,,,,,
3/19/21,383,8.6,14,7.3,10.4,alpha,,,,,,,,,,,,,,,
3/20/21,384,8.1,13.1,6.7,10.4,alpha,,,,,,,,,,,,,,,
3/21/21,385,7.9,13.1,6.3,10.4,alpha,,,,,,,,,,,,,,,
3/22/21,386,8,12.4,6.5,9.7,alpha,,,,,,,,,,All primary schools reopen,open,schools,,,
3/23/21,387,7.5,12.1,6.2,9.7,alpha,,,,,,,,,,,,,,,
3/24/21,388,7.1,11.8,5.9,9.6,alpha,,,,,,,,,,,,,,,
3/25/21,389,6.7,10.9,5.7,8.8,alpha,,,,Stay local restrictions lifted,open,travel,,,,,,,,,
3/26/21,390,6.6,10.2,5.4,8.2,alpha,,,,,,,,,,,,,,,
3/27/21,391,6.5,10.1,5.2,8.3,alpha,,,,,,,,,,,,,,,
3/28/21,392,6.1,10.2,4.8,8.5,alpha,,,,,,,,,,,,,,,
3/29/21,393,6.1,10.1,4.7,8.1,alpha,Outdoor gatherings of 6 people or two households allowed,open,gatherings,,,,,,,,,,,,
3/30/21,394,5.8,9.7,4.6,7.3,alpha,,,,,,,,,,,,,,,
3/31/21,395,5.5,9.1,4.3,7,alpha,,,,,,,,,,,,,,,
4/1/21,396,5.2,8.9,3.9,7.1,alpha,,,,,,,,,,,,,,,
4/2/21,397,4.9,8.1,3.8,6.8,alpha,,,,,,,,,,,,,,,
4/3/21,398,4.7,7.7,3.7,6.5,alpha,,,,,,,,,,,,,,,
4/4/21,399,4.7,7.6,3.5,6.5,alpha,,,,,,,,,,,,,,,
4/5/21,400,4.7,8.1,3.7,6.2,alpha,,,,,,,Non essential retail starts to open up,open,shops,,,,,,
4/6/21,401,4.6,7.7,3.6,6.2,alpha,,,,,,,,,,,,,,,
4/7/21,402,4.4,7.1,3.5,6.2,alpha,,,,,,,,,,,,,,,
4/8/21,403,4.2,6.5,3.2,5.8,alpha,,,,,,,,,,,,,,,
4/9/21,404,4.1,6.6,3.1,5.1,alpha,,,,,,,,,,,,,,,
4/10/21,405,3.9,6.4,2.9,5.3,alpha,,,,,,,,,,,,,,,
4/11/21,406,3.7,6.6,2.7,5.2,alpha,,,,,,,,,,,,,,,
4/12/21,407,3.7,4.5,2.8,4.7,alpha,Non-essential retail reopens,open,shops,Non-essential retail reopens,open,shops,,,,"All secondary schools reopen, outdoor retail reopens, 10 people from 2 households can meet outdoors",open,schools,,,
4/13/21,408,3.6,4.2,2.4,4.6,alpha,,,,,,,,,,,,,,,
4/14/21,409,3.5,3.9,2.2,4.3,alpha,,,,,,,,,,,,,,,
4/15/21,410,3.3,3.7,2.1,4.2,alpha,,,,,,,,,,,,,,,
4/16/21,411,3.3,3.3,2,4.3,alpha,,,,,,,Outdoor mixing for groups of up to six,open,gatherings,,,,,,
4/17/21,412,3.1,3.6,1.9,4.3,alpha,,,,,,,,,,,,,,,
4/18/21,413,3,3.4,1.9,4.2,alpha,,,,,,,,,,,,,,,
4/19/21,414,3.1,3.1,1.9,4,alpha,,,,,,,,,,,,,,,
4/20/21,415,2.9,3.2,1.9,3.7,alpha,,,,,,,,,,,,,,,
4/21/21,416,2.8,3.2,2,4.1,alpha,,,,,,,,,,,,,,,
4/22/21,417,2.7,3.2,1.7,4,alpha,,,,,,,,,,,,,,,
4/23/21,418,2.6,3.2,1.7,4,alpha,,,,,,,,,,Further reopening eg close contact services,open,shops,,,
4/24/21,419,2.5,3.2,1.7,4,alpha,,,,Six people able to meet outdoors,open,gatherings,,,,,,,,,
4/25/21,420,2.4,2.6,1.6,4.2,alpha,,,,,,,,,,,,,,,
4/26/21,421,2.5,2.7,1.7,4.1,alpha,,,,,,,Hospitality venues open up,open,hospitality,,,,,,
4/27/21,422,2.3,3.2,1.5,4.2,alpha,,,,,,,,,,,,,,,
4/28/21,423,2.3,2.6,1.4,4.2,alpha,,,,,,,,,,,,,,,
4/29/21,424,2.2,2.7,1.3,3.9,alpha,,,,,,,,,,,,,,,
4/30/21,425,2.1,2,1.2,4.1,alpha,,,,,,,,,,Non essential retail and outdoor hospitality reopens,open,shops,,,
5/1/21,426,1.9,2.3,1.2,4.2,alpha,,,,,,,,,,,,,,,
5/2/21,427,1.9,1.9,1.2,4,alpha,,,,,,,,,,,,,,,
5/3/21,428,1.9,2,1.2,4.3,alpha,,,,,,,,,,,,,,,
5/4/21,429,1.9,2.1,1.1,4.2,alpha,,,,,,,,,,,,,,,
5/5/21,430,1.8,2,1.3,4.1,alpha,,,,,,,,,,,,,,,
5/6/21,431,1.7,1.8,1.1,3.7,alpha,,,,,,,,,,,,,,,
5/7/21,432,1.7,1.7,1.2,3.4,alpha,,,,,,,,,,,,,,,
5/8/21,433,1.7,2,1.2,3.4,alpha,,,,,,,,,,,,,,,
5/9/21,434,1.6,1.7,1.2,3.6,alpha,,,,,,,,,,,,,,,
5/10/21,435,1.7,1.5,1.3,3.5,alpha,UK CMOs lower UK wide alert level,open,lockdown,UK CMOs lower UK wide alert level,open,lockdown,UK CMOs lower UK wide alert level,open,lockdown,UK CMOs lower UK wide alert level,open,lockdown,,,
5/11/21,436,1.6,1.8,1.3,3.2,alpha,,,,,,,,,,,,,,,
5/12/21,437,1.6,1.3,1.2,3,alpha,,,,,,,,,,,,,,,
5/13/21,438,1.5,1.4,1.2,2.7,alpha,,,,,,,,,,,,,,,
5/14/21,439,1.4,1.5,1.2,2.6,alpha,,,,,,,,,,,,,,,
5/15/21,440,1.4,1.3,1.3,2.6,alpha,,,,,,,,,,,,,,,
5/16/21,441,1.4,1.2,1.1,2.4,alpha,,,,,,,,,,,,,,,
5/17/21,442,1.4,1.1,1.2,2.4,alpha,"Indoor mixing of six people or two households allowed, and more venues open",open,gatherings,Six people from different households can meet indoors,open,gatherings,Eased restrictions for most of mainland Scotland and further reduced restrictions for islands,open,lockdown,,,,,,
5/18/21,443,1.3,1.2,1.3,2.4,alpha,,,,,,,,,,,,,,,
5/19/21,444,1.3,1.3,1.4,2.4,alpha,,,,,,,,,,,,,,,
5/20/21,445,1.3,1.3,1.5,2.2,alpha,,,,,,,,,,,,,,,
5/21/21,446,1.4,1.2,1.5,2.1,alpha,,,,,,,,,,,,,,,
5/22/21,447,1.3,1,1.6,2.2,alpha,,,,,,,,,,,,,,,
5/23/21,448,1.3,1,1.8,2.1,alpha,,,,,,,,,,,,,,,
5/24/21,449,1.4,1.1,1.7,2,alpha,,,,,,,,,,Indoor hospitality reopens and six people from two households can meet indoors,open,hospitality,,,
5/25/21,450,1.4,0.8,1.8,1.9,alpha,,,,,,,,,,,,,,,
5/26/21,451,1.3,0.6,1.8,1.8,alpha,,,,,,,,,,,,,,,
5/27/21,452,1.3,0.5,1.5,1.7,alpha,,,,,,,,,,,,,,,
5/28/21,453,1.3,0.7,1.6,1.8,alpha,,,,Football fans urged not to travel,closed,travel,,,,,,,,,
5/29/21,454,1.3,0.6,1.6,1.9,alpha,,,,,,,,,,,,,,,
5/30/21,455,1.3,0.6,1.8,1.8,alpha,,,,,,,,,,,,,,,
5/31/21,456,1.4,0.6,2,1.6,alpha,,,,,,,,,,,,,,,
6/1/21,457,1.4,0.6,1.9,1.6,delta,,,,,,,,,,,,,,,
6/2/21,458,1.4,0.7,2.1,1.4,delta,,,,,,,,,,,,,,,
6/3/21,459,1.4,0.8,2,1.5,delta,,,,,,,,,,,,,,,
6/4/21,460,1.4,0.7,2.1,1.3,delta,,,,,,,,,,,,,,,
6/5/21,461,1.4,0.7,2,1.4,delta,,,,,,,,,,,,,,,
6/6/21,462,1.4,0.7,2,1.4,delta,,,,,,,,,,,,,,,
6/7/21,463,1.5,0.9,2.2,1.5,delta,,,,Up to 30 people can meet outdoors,open,gatherings,,,,,,,,,
6/8/21,464,1.6,0.9,2.2,1.6,delta,,,,,,,,,,,,,,,
6/9/21,465,1.5,1.2,2.3,1.5,delta,,,,,,,,,,,,,,,
6/10/21,466,1.6,1.3,2.3,1.4,delta,,,,,,,,,,,,,,,
6/11/21,467,1.6,1.2,2.4,1.4,delta,,,,,,,,,,,,,,,
6/12/21,468,1.6,1.3,2.4,1.3,delta,,,,,,,,,,,,,,,
6/13/21,469,1.7,1.4,2.4,1.2,delta,,,,,,,,,,,,,,,
6/14/21,470,1.8,1.3,2.3,1.2,delta,"Delay to further reopening, as vaccine programme accelerated",closed,lockdown,,,,,,,,,,,,
6/15/21,471,1.8,1.4,2.5,1.3,delta,,,,,,,,,,,,,,,
6/16/21,472,1.9,1.4,2.4,1.4,delta,,,,,,,,,,,,,,,
6/17/21,473,2,1.2,2.6,1.4,delta,All adults offered vaccine,closed,vaccine,Further easing of restrictions paused,closed,lockdown,,,,Plans for further easing put back to July,closed,lockdown,,,
6/18/21,474,2.1,1.4,2.3,1.4,delta,,,,,,,,,,,,,,,
6/19/21,475,2,1.3,2.7,1.3,delta,,,,,,,,,,,,,,,
6/20/21,476,2.1,1.4,2.7,1.3,delta,,,,,,,,,,,,,,,
6/21/21,477,2.3,1.5,2.9,1.4,delta,,,,,,,,,,,,,,,
6/22/21,478,2.3,1.4,3.1,1.6,delta,,,,,,,Further easing delayed to July,closed,lockdown,,,,,,
6/23/21,479,2.2,1.3,3.1,1.7,delta,,,,,,,,,,,,,,,
6/24/21,480,2.3,1.2,3.2,1.7,delta,,,,,,,,,,,,,,,
6/25/21,481,2.3,1.2,3.4,1.7,delta,,,,,,,,,,,,,,,
6/26/21,482,2.3,1.3,3.6,1.9,delta,,,,,,,,,,,,,,,
6/27/21,483,2.4,1.3,3.6,2.2,delta,,,,,,,,,,,,,,,
6/28/21,484,2.6,1.1,3.7,2.4,delta,,,,,,,,,,,,,,,
6/29/21,485,2.6,1.3,3.9,2.7,delta,,,,,,,,,,,,,,,
6/30/21,486,2.7,1.2,4.3,3,delta,,,,,,,,,,,,,Autumn boosters announced,closed,vaccine
7/1/21,487,2.8,1.4,5,3.3,delta,,,,,,,,,,,,,,,
7/2/21,488,2.8,1.6,5.2,3.8,delta,,,,,,,,,,,,,,,
7/3/21,489,2.9,1.5,5.6,3.9,delta,,,,,,,,,,,,,,,
7/4/21,490,3.1,1.4,5.8,4.2,delta,,,,,,,,,,,,,,,
7/5/21,491,3.3,1.9,6.2,4.3,delta,,,,,,,,,,,,,,,
7/6/21,492,3.5,1.8,6.3,4.6,delta,,,,,,,,,,,,,,,
7/7/21,493,3.8,1.8,7.1,5.1,delta,,,,,,,,,,,,,,,
7/8/21,494,3.9,1.9,7.3,5.3,delta,,,,,,,,,,,,,,,
7/9/21,495,4.2,2.1,7.8,5.2,delta,,,,,,,,,,,,,,,
7/10/21,496,4.3,2.1,8,5.8,delta,,,,,,,,,,,,,,,
7/11/21,497,4.5,2,8.1,6.1,delta,,,,,,,,,,,,,,,
7/12/21,498,4.9,2.1,8.6,6.8,delta,,,,,,,,,,,,,,,
7/13/21,499,5.3,2.1,9.3,7.1,delta,,,,,,,,,,,,,,,
7/14/21,500,5.5,2.6,9.4,8.2,delta,,,,,,,,,,,,,,,
7/15/21,501,5.7,2.8,9.9,9,delta,,,,,,,,,,,,,,,
7/16/21,502,6,2.7,9.7,9,delta,,,,,,,,,,,,,,,
7/17/21,503,6.1,2.9,9.5,9.7,delta,,,,More restrictions removed,open,lockdown,,,,,,,,,
7/18/21,504,6.3,2.8,9.4,10.7,delta,,,,,,,,,,,,,,,
7/19/21,505,6.7,3.2,9.8,10.9,delta,Most legal limits on social contact removed,open,gatherings,,,,Further easing of restrictions,open,lockdown,,,,,,
7/20/21,506,6.9,3.2,9.7,11.7,delta,,,,,,,,,,,,,,,
7/21/21,507,7.2,3.4,9.7,12.5,delta,,,,,,,,,,,,,,,
7/22/21,508,7.5,3.8,8.9,14.2,delta,,,,,,,,,,,,,,,
7/23/21,509,7.8,4.1,9.2,15,delta,,,,,,,,,,,,,,,
7/24/21,510,7.9,4.2,8.8,15.6,delta,,,,,,,,,,,,,,,
7/25/21,511,8.4,4,8.8,16.9,delta,,,,,,,,,,,,,,,
7/26/21,512,8.9,4.6,8.7,17.7,delta,,,,,,,,,,,,,,,
7/27/21,513,9.1,4.5,8.6,17.3,delta,,,,,,,,,,,,,,,
7/28/21,514,9.2,4.5,8.7,16.6,delta,,,,,,,,,,,,,,,
7/29/21,515,8.9,4.4,9,16.4,delta,,,,,,,,,,,,,,,
7/30/21,516,9,4.4,8.5,16.6,delta,,,,,,,,,,,,,,,
7/31/21,517,8.9,4.5,8.1,16.9,delta,,,,,,,,,,,,,,,
8/1/21,518,9,4.6,7.7,17.5,delta,,,,,,,,,,,,,,,
8/2/21,519,9.4,5,7.4,18.4,delta,,,,,,,,,,,,,,,
8/3/21,520,9,4.7,7.4,18.1,delta,,,,,,,,,,,,,,,
8/4/21,521,8.7,4.2,7,17.9,delta,,,,,,,,,,,,,,,
8/5/21,522,8.7,4.1,7,18.9,delta,,,,August Most limits on social contact removed,open,gatherings,,,,,,,,,
8/6/21,523,8.6,4.2,6.7,20.2,delta,,,,,,,,,,,,,,,
8/7/21,524,8.5,4.1,6.6,21.4,delta,,,,,,,,,,,,,,,
8/8/21,525,8.7,4.4,6.6,22.6,delta,,,,,,,,,,,,,,,
8/9/21,526,9,4.5,6.5,22.6,delta,,,,,,,Most legal limits on social contact removed,open,gatherings,,,,,,
8/10/21,527,9,4.5,6.4,23.1,delta,,,,,,,,,,,,,,,
8/11/21,528,9,4.4,6.5,23.5,delta,,,,,,,,,,,,,,,
8/12/21,529,8.9,4.1,6.5,23.8,delta,,,,,,,,,,Rule of six and school bubbles end,open,gatherings,,,
8/13/21,530,9,4.2,6.5,22.9,delta,,,,,,,,,,,,,,,
8/14/21,531,8.8,4.2,6.2,23.7,delta,,,,,,,,,,,,,,,
8/15/21,532,9,4.4,6.1,24.7,delta,,,,,,,,,,,,,,,
8/16/21,533,9.6,4.5,6.2,25.4,delta,,,,,,,,,,,,,,,
8/17/21,534,9.6,4.8,6.2,25.7,delta,,,,,,,,,,,,,,,
8/18/21,535,9.8,5.1,5.9,25,delta,,,,,,,,,,,,,,,
8/19/21,536,9.8,5.7,5.8,24.5,delta,,,,,,,,,,,,,,,
8/20/21,537,9.9,6.1,5.7,23.7,delta,,,,,,,,,,,,,,,
8/21/21,538,9.9,5.8,5.9,24.2,delta,,,,,,,,,,,,,,,
8/22/21,539,10.2,6.2,6.2,25.1,delta,,,,,,,,,,,,,,,
8/23/21,540,10.6,6.5,6.5,24.7,delta,,,,,,,,,,,,,,,
8/24/21,541,10.5,6.8,6.7,25.3,delta,,,,,,,,,,,,,,,
8/25/21,542,10.5,6.8,7.2,24.6,delta,,,,,,,,,,,,,,,
8/26/21,543,10.4,7.6,7.8,25.5,delta,,,,,,,,,,,,,,,
8/27/21,544,10.4,7.6,8.8,25.6,delta,,,,,,,,,,,,,,,
8/28/21,545,10.2,8,9,25.6,delta,,,,,,,,,,,,,,,
8/29/21,546,10.4,8.3,9.3,26.1,delta,,,,,,,,,,,,,,,
8/30/21,547,10.6,9.1,10.1,26.9,delta,,,,,,,,,,,,,,,
8/31/21,548,11.1,9.5,10.7,26.8,delta,,,,,,,,,,,,,,,
9/1/21,549,11,9.9,11.5,27.1,delta,,,,,,,,,,,,,,,
9/2/21,550,10.9,10.2,11.4,26.4,delta,,,,,,,,,,,,,,,
9/3/21,551,11,10.4,11.9,26.5,delta,,,,,,,,,,,,,,,
9/4/21,552,10.7,10.7,12.3,27.1,delta,,,,,,,,,,,,,,,
9/5/21,553,10.9,11,13.2,27.7,delta,,,,,,,,,,,,,,,
9/6/21,554,11.3,11.6,14.1,28.1,delta,,,,,,,,,,,,,,,
9/7/21,555,11,12.7,14.7,28.4,delta,,,,,,,,,,,,,,,
9/8/21,556,11.1,13.5,16.2,28.2,delta,,,,,,,,,,,,,,,
9/9/21,557,11.1,14.1,17,27.9,delta,,,,,,,,,,,,,,,
9/10/21,558,11.3,14.2,17.9,26.4,delta,,,,,,,,,,,,,,,
9/11/21,559,11,14.4,18,26.9,delta,,,,,,,,,,,,,,,
9/12/21,560,11.1,15,18.7,27.1,delta,,,,,,,,,,,,,,,
9/13/21,561,11.4,15.8,19.2,27.3,delta,,,,,,,,,,,,,CMOs decision on vaccines for all 12-15 year olds,closed,vaccine
9/14/21,562,11.2,15.9,19.5,26.3,delta,Winter Plan B released if the NHS comes under unsustainable pressure,closed,healthcare,,,,,,,,,,,,
9/15/21,563,11.2,16.7,19.7,26.7,delta,,,,,,,,,,,,,,,
9/16/21,564,10.8,16.2,19.3,25.8,delta,,,,,,,,,,,,,,,
9/17/21,565,10.5,16.2,19,24.8,delta,,,,,,,,,,,,,,,
9/18/21,566,10.1,16,19.2,25,delta,,,,,,,,,,,,,,,
9/19/21,567,10.1,16.3,19.6,25.5,delta,,,,,,,,,,,,,,,
9/20/21,568,10.1,16.8,19.9,25,delta,,,,,,,,,,,,,,,
9/21/21,569,9.8,16.4,20.3,25.2,delta,,,,,,,,,,,,,,,
9/22/21,570,9.6,15.6,19.7,24.4,delta,,,,,,,,,,,,,,,
9/23/21,571,9.2,15.1,19.3,23.4,delta,,,,,,,,,,,,,,,
9/24/21,572,8.9,14.8,18.5,22.5,delta,,,,,,,,,,,,,,,
9/25/21,573,9,14.2,18.4,22.9,delta,,,,,,,,,,,,,,,
9/26/21,574,8.8,14.3,18.3,23.5,delta,,,,,,,,,,,,,,,
9/27/21,575,9.1,15.6,18.7,23.4,delta,,,,,,,,,,,,,,,
9/28/21,576,9.1,15,18.8,22.9,delta,,,,,,,,,,,,,,,
9/29/21,577,8.9,15.1,18.7,22.8,delta,,,,,,,,,,,,,,,
9/30/21,578,8.7,14.6,18.3,22.6,delta,,,,,,,,,,Social distancing in indoor shops and some venues ends,open,shops,,,
10/1/21,579,8.5,13.8,18,22.1,delta,,,,,,,"Vaccine certifacte introduced, enforced from 18 October",closed,vaccine,,,,,,
10/2/21,580,8.2,14.2,17.7,22.2,delta,,,,,,,,,,,,,,,
10/3/21,581,8.4,14.8,17.7,22.8,delta,,,,,,,,,,,,,,,
10/4/21,582,8.7,15.5,18.3,23,delta,,,,,,,,,,,,,,,
10/5/21,583,8.9,14.8,18.3,23.2,delta,,,,,,,,,,,,,,,
10/6/21,584,8.9,14.5,18.1,23.2,delta,,,,,,,,,,,,,,,
10/7/21,585,8.8,14.5,17.9,23.5,delta,,,,,,,,,,,,,,,
10/8/21,586,8.8,14.5,17.5,22.9,delta,,,,Winter plan released,closed,healthcare,,,,,,,,,
10/9/21,587,8.7,14.5,17.3,23.6,delta,,,,,,,,,,,,,,,
10/10/21,588,9,15,17.1,24,delta,,,,,,,,,,,,,,,
10/11/21,589,9.2,15.6,17.1,24.4,delta,,,,Covid pass needed for large indoor evets and nightclubs,closed,hospitality,,,,,,,,,
10/12/21,590,9.2,16.3,17.1,24.4,delta,,,,,,,,,,,,,,,
10/13/21,591,9.3,16.2,16.8,24.4,delta,,,,,,,,,,,,,,,
10/14/21,592,9.4,17.1,16.6,24.3,delta,,,,,,,,,,,,,,,
10/15/21,593,9.5,17,15.5,24.4,delta,,,,,,,,,,,,,,,
10/16/21,594,9.5,17.4,15.4,24.3,delta,,,,,,,,,,,,,,,
10/17/21,595,9.9,18.1,15.2,25.5,delta,,,,,,,,,,,,,,,
10/18/21,596,10.5,18.6,15.7,26.1,delta,,,,,,,Vaccine certifacte enforced,closed,vaccine,,,,,,
10/19/21,597,10.8,18,15.9,26,delta,,,,,,,,,,,,,,,
10/20/21,598,11.1,18.8,16.3,26.4,delta,,,,,,,,,,,,,,,
10/21/21,599,11.3,18.8,16.8,26.4,delta,,,,,,,,,,Nightclubs reopen,open,hospitality,,,
10/22/21,600,11.3,18.5,16.4,25.4,delta,,,,,,,,,,,,,,,
10/23/21,601,11.3,18.6,16.4,25.7,delta,,,,,,,,,,,,,,,
10/24/21,602,11.5,19.1,16.4,26.8,delta,,,,,,,,,,,,,,,
10/25/21,603,12,19.9,16.5,27.3,delta,,,,,,,,,,,,,,,
10/26/21,604,12.2,20.8,16.8,27.1,delta,,,,,,,,,,,,,,,
10/27/21,605,12.3,21.7,16.9,27.1,delta,,,,,,,,,,,,,,,
10/28/21,606,12.4,21.7,17.1,27.4,delta,,,,,,,,,,,,,,,
10/29/21,607,12.6,21.6,17.1,27.6,delta,,,,self-isolation rules strengthened,closed,gatherings,,,,,,,,,
10/30/21,608,12.7,21.5,17,28.8,delta,,,,,,,,,,,,,,,
10/31/21,609,12.9,21.6,16.6,29.2,delta,,,,,,,,,,,,,,,
11/1/21,610,13.3,21.8,17.1,28.9,delta,,,,,,,,,,,,,,,
11/2/21,611,13.3,22,17.2,28.6,delta,,,,,,,,,,,,,,,
11/3/21,612,12.9,22.3,17.2,28.1,delta,,,,,,,,,,,,,,,
11/4/21,613,12.7,21.6,16.5,28.4,delta,,,,,,,,,,,,,,,
11/5/21,614,12.5,21,15.6,28.5,delta,,,,,,,,,,,,,,,
11/6/21,615,12.2,20.2,15.2,28.4,delta,,,,,,,,,,,,,,,
11/7/21,616,12.2,20.4,14.7,28.8,delta,,,,,,,,,,,,,,,
11/8/21,617,12.5,20.6,14.4,28.4,delta,,,,,,,,,,,,,,,
11/9/21,618,12.5,20.5,14,28.5,delta,,,,,,,,,,,,,,,
11/10/21,619,12.3,20.2,14.5,28.7,delta,,,,,,,,,,,,,,,
11/11/21,620,12.1,19.6,14.1,27.9,delta,,,,,,,,,,,,,,,
11/12/21,621,12,19.7,13.9,28.1,delta,,,,,,,,,,,,,,,
11/13/21,622,11.7,18.7,14.1,29,delta,,,,,,,,,,,,,,,
11/14/21,623,11.9,19.4,13.9,29.5,delta,,,,,,,,,,,,,,,
11/15/21,624,12.1,19.7,14.1,28.5,delta,,,,Covid pass extended,closed,hospitality,,,,,,,,,
11/16/21,625,11.7,18.7,14.3,27.8,delta,,,,,,,,,,,,,,,
11/17/21,626,11.3,18,14.2,27.3,delta,,,,,,,,,,,,,,,
11/18/21,627,11.2,17.3,14.4,26.6,delta,,,,,,,,,,,,,,,
11/19/21,628,11.2,16.9,14.4,25.9,delta,,,,,,,,,,,,,,,
11/20/21,629,10.9,16.6,14.5,26,delta,,,,,,,,,,,,,,,
11/21/21,630,11.2,16.4,13.8,26.5,delta,,,,,,,,,,,,,,,
11/22/21,631,11.4,16.5,13.7,26.1,delta,,,,,,,,,,,,,,,
11/23/21,632,11.1,15.4,13.6,25.9,delta,,,,,,,,,,,,,,,
11/24/21,633,10.7,15,13,25.6,delta,,,,,,,,,,,,,,,
11/25/21,634,10.7,15,13.2,24.3,delta,,,,,,,,,,,,,,,
11/26/21,635,10.6,14.2,13.4,23.6,delta,,,,,,,,,,,,,,,
11/27/21,636,10.3,14.2,13.3,23.2,delta,,,,,,,,,,,,,,,
11/28/21,637,10.4,14.1,13,24,delta,,,,,,,,,,,,,,,
11/29/21,638,10.8,15.2,13.1,23.3,delta,,,,Face coverings required in schools,closed,schools,,,,Covid vaccine pass introduced,closed,hospitality,,,
11/30/21,639,10.8,14.9,12.9,23.2,delta,,,,,,,,,,,,,,,
12/1/21,640,10.3,14.3,12.8,22.7,Omicron BA.1,,,,,,,,,,,,,,,
12/2/21,641,10.5,14.3,12.4,23.1,Omicron BA.1,,,,,,,,,,,,,,,
12/3/21,642,10.3,14.4,11.9,22.9,Omicron BA.1,,,,,,,,,,,,,,,
12/4/21,643,10.2,13.3,11.1,23.1,Omicron BA.1,,,,,,,,,,,,,,,
12/5/21,644,10.4,12.9,10.7,24.1,Omicron BA.1,,,,,,,,,,,,,,,
12/6/21,645,10.6,13.2,10.8,24.3,Omicron BA.1,,,,,,,,,,,,,,,
12/7/21,646,10.7,12.1,10.5,24.1,Omicron BA.1,,,,,,,,,,,,,,,
12/8/21,647,10.7,11.8,10.6,24,Omicron BA.1,,,,,,,,,,,,,,,
12/9/21,648,10.8,12.2,10.6,23,Omicron BA.1,,,,,,,,,,,,,,,
12/10/21,649,10.8,12.6,10.5,22.4,Omicron BA.1,Masks become compulsory in most indoor venues,closed,masks,,,,,,,,,,,,
12/11/21,650,10.8,11.6,10.1,23.1,Omicron BA.1,,,,,,,,,,,,,,,
12/12/21,651,11,11.5,9.9,23.6,Omicron BA.1,,,,,,,,,,,,,,,
12/13/21,652,11.3,12.3,10.3,23.6,Omicron BA.1,,,,,,,,,,Covid pass becomes enforcable in some hospitality settings,closed,hospitality,"Booster programme accelerated - all elgible adults to be offered by end Jan.
UK CMOs move UK to level 4",closed,vaccine
12/14/21,653,11.4,12.2,9.9,22.8,Omicron BA.1,,,,,,,,,,,,,,,
12/15/21,654,11.2,12,10,23,Omicron BA.1,NHS Covid Pass becomes mandatory in some settings. Chris Whitty briefing asks people to deprioritise social interactions ahead of Christmas.,closed,hospitality,,,,,,,,,,,,
12/16/21,655,11.3,11.4,9.7,23.2,Omicron BA.1,,,,"Guidance on vaccination, testing, and protective measures",closed,hospitality,,,,,,,,,
12/17/21,656,11.2,10.9,9.5,22.6,Omicron BA.1,,,,,,,,,,,,,,,
12/18/21,657,11.1,10.9,9,22.5,Omicron BA.1,,,,,,,,,,,,,,,
12/19/21,658,11.4,10.6,9.2,23,Omicron BA.1,,,,,,,,,,,,,,,
12/20/21,659,11.8,10.4,9.4,22.1,Omicron BA.1,,,,Sporting events played behind closed doors,closed,hospitality,,,,,,,,,
12/21/21,660,12.2,10.4,9.4,22.3,Omicron BA.1,,,,,,,,,,,,,,,
12/22/21,661,12.5,10.9,9.8,22.6,Omicron BA.1,,,,,,,,,,,,,,,
12/23/21,662,12.6,10.8,9.9,22.2,Omicron BA.1,,,,,,,,,,,,,,,
12/24/21,663,13,11.1,9.6,22.2,Omicron BA.1,,,,,,,,,,,,,,,
12/25/21,664,12.7,10.7,9.6,22.7,Omicron BA.1,,,,,,,,,,,,,,,
12/26/21,665,13.3,11.5,9.7,23.8,Omicron BA.1,,,,Rule of six reinstated,closed,gatherings,,,,Nightclubs close,closed,hospitality,,,
12/27/21,666,15,12.2,10.2,25.6,Omicron BA.1,,,,,,,"Return to restictions for indoor hospitality and leisure settings, nightclubs close",closed,hospitality,Rule of six and other social distancing rules return,closed,gatherings,,,
12/28/21,667,16.9,13.2,11,26.5,Omicron BA.1,,,,,,,,,,,,,,,
12/29/21,668,18.5,14.3,12.4,27.2,Omicron BA.1,,,,,,,,,,,,,,,
12/30/21,669,20.3,16.1,14.8,28.1,Omicron BA.1,,,,,,,,,,,,,,,
12/31/21,670,21.9,16.8,15.7,29.1,Omicron BA.1,,,,,,,,,,,,,,,
1/1/22,671,22.3,18.2,16.4,30.5,Omicron BA.1,,,,,,,,,,,,,,,
1/2/22,672,23.3,19.1,17.4,31.3,Omicron BA.1,,,,,,,,,,,,,,,
1/3/22,673,25.1,19.9,18.9,32.7,Omicron BA.1,,,,,,,,,,,,,,,
1/4/22,674,26.6,21.4,21.1,32.3,Omicron BA.1,,,,,,,,,,,,,,,
1/5/22,675,27.7,22.1,22.4,32.9,Omicron BA.1,,,,,,,,,,,,,,,
1/6/22,676,28.4,22.8,23.2,33.6,Omicron BA.1,,,,,,,,,,,,,,,
1/7/22,677,28.6,23.7,24.2,33.1,Omicron BA.1,,,,,,,,,,,,,,,
1/8/22,678,28.4,24.4,24.8,33.7,Omicron BA.1,,,,,,,,,,,,,,,
1/9/22,679,29,25.7,25.2,34.4,Omicron BA.1,,,,,,,,,,,,,,,
1/10/22,680,30.3,26.8,26.2,34.2,Omicron BA.1,,,,,,,,,,,,,,,
1/11/22,681,30,28.1,27.1,33.9,Omicron BA.1,,,,,,,,,,,,,,,
1/12/22,682,29.9,27.4,28.1,33.7,Omicron BA.1,,,,,,,,,,,,,,,
1/13/22,683,29.6,27.2,28.5,32.8,Omicron BA.1,,,,,,,,,,,,,,,
1/14/22,684,29.2,27.1,28.2,31.9,Omicron BA.1,,,,,,,,,,,,,,,
1/15/22,685,28.8,26.7,28.5,32.5,Omicron BA.1,,,,Some easing of restrictions,open,lockdown,,,,,,,,,
1/16/22,686,29,27.1,28.7,33,Omicron BA.1,,,,,,,,,,,,,,,
1/17/22,687,29.4,26.8,28.7,32.7,Omicron BA.1,Mask rules in most settings end,open,masks,,,,Large outdoor events resume without physical distancing,open,hospitality,,,,,,
1/18/22,688,28.7,26.6,28.3,32.3,Omicron BA.1,,,,,,,,,,,,,,,
1/19/22,689,27.8,25.2,28.7,32.2,Omicron BA.1,,,,,,,,,,,,,,,
1/20/22,690,27.1,25.1,27.7,31.5,Omicron BA.1,,,,,,,,,,,,,,,
1/21/22,691,26.3,25.5,27.6,31,Omicron BA.1,,,,Some easing of restrictions,open,lockdown,,,,,,,,,
1/22/22,692,25.3,23.9,26.8,31.5,Omicron BA.1,,,,,,,,,,,,,,,
1/23/22,693,25.3,22.9,26.3,32,Omicron BA.1,,,,,,,,,,,,,,,
1/24/22,694,25.8,25,26.3,31.5,Omicron BA.1,,,,,,,,,,,,,,,
1/25/22,695,24.9,22.6,25.5,32,Omicron BA.1,,,,,,,,,,,,,,,
1/26/22,696,24.7,24.8,25.4,31.9,Omicron BA.1,,,,,,,,,,,,,,,
1/27/22,697,24.1,25.7,24.1,31.7,Omicron BA.1,,,,,,,,,,Covid pass scrapped except for nightclubs and large events,open,hospitality,,,
1/28/22,698,23.8,25.9,23.8,30.4,Omicron BA.1,,,,Some easing of restrictions,open,lockdown,,,,,,,,,
1/29/22,699,22.4,24.5,23.1,30.3,Omicron BA.1,,,,,,,,,,,,,,,
1/30/22,700,23,24.4,22.3,31.2,Omicron BA.1,,,,,,,,,,,,,,,
1/31/22,701,23.6,25.1,22.1,31.4,Omicron BA.1,,,,,,,,,,,,,,,
2/1/22,702,22.8,25.3,21.5,31.9,Omicron BA.2,,,,,,,,,,,,,,,
2/2/22,703,22.2,24.3,20.4,33.2,Omicron BA.2,,,,,,,,,,,,,,,
2/3/22,704,22,24.2,19.8,33.1,Omicron BA.2,,,,,,,,,,,,,,,
2/4/22,705,21.3,24.4,19.1,32.8,Omicron BA.2,,,,,,,,,,,,,,,
2/5/22,706,20.5,23.7,18.1,33.9,Omicron BA.2,,,,,,,,,,,,,,,
2/6/22,707,20.4,23.3,17.5,35.1,Omicron BA.2,,,,,,,,,,,,,,,
2/7/22,708,20.7,23.4,17.5,35.3,Omicron BA.2,,,,,,,,,,,,,,,
2/8/22,709,20.3,23.5,17.4,35.1,Omicron BA.2,,,,,,,,,,,,,,,
2/9/22,710,19.6,22.8,17.1,35.2,Omicron BA.2,,,,,,,,,,,,,,,
2/10/22,711,19,21.8,16.5,35.4,Omicron BA.2,,,,,,,,,,,,,,,
2/11/22,712,18.3,20.5,16.5,35,Omicron BA.2,,,,,,,,,,,,,,,
2/12/22,713,17.7,21.2,16,36.5,Omicron BA.2,,,,,,,,,,,,,,,
2/13/22,714,17.8,21.2,15.9,37.2,Omicron BA.2,,,,,,,,,,,,,,,
2/14/22,715,18.2,21.2,16.2,37,Omicron BA.2,,,,,,,,,,,,,,,
2/15/22,716,17.7,21.7,16.7,37.4,Omicron BA.2,,,,,,,,,,All covid regulations lifted and become guidance,open,lockdown,,,
2/16/22,717,17.3,17.7,16.7,37.4,Omicron BA.2,,,,,,,,,,,,,,,
2/17/22,718,17,18.3,17.3,37.6,Omicron BA.2,,,,Covid pass ends,open,hospitality,,,,,,,,,
2/18/22,719,16.4,17.3,17.6,36.8,Omicron BA.2,,,,,,,,,,,,,,,
2/19/22,720,16.2,18.9,18.1,37.5,Omicron BA.2,,,,,,,,,,,,,,,
2/20/22,721,16,18.9,18.5,39.1,Omicron BA.2,,,,,,,,,,,,,,,
2/21/22,722,16.3,18.4,19.2,39,Omicron BA.2,,,,,,,,,,,,,,,
2/22/22,723,15.8,18.8,19.4,37.5,Omicron BA.2,,,,,,,,,,,,,,,
2/23/22,724,15.7,18.9,20,37.4,Omicron BA.2,,,,,,,,,,,,,,,
2/24/22,725,15.3,18.8,19,36.7,Omicron BA.2,,,,,,,,,,,,,,,
2/25/22,726,15,18.6,20,35,Omicron BA.2,,,,,,,,,,,,,,,
2/26/22,727,14.5,17.1,21,35.7,Omicron BA.2,,,,,,,,,,,,,,,
2/27/22,728,14.7,17.4,21.6,36,Omicron BA.2,,,,,,,,,,,,,,,
2/28/22,729,15.1,18.2,21.5,34.7,Omicron BA.2,,,,Mask rules in most settings end,open,masks,Masks no longer required in secondary schools; vaccine certificates no longer required,open,masks,,,,,,
3/1/22,730,15,18.3,21.8,34.4,Omicron BA.2,,,,,,,,,,,,,,,
3/2/22,731,14.9,17.3,22.4,34.8,Omicron BA.2,,,,,,,,,,,,,,,
3/3/22,732,14.5,17.2,23.3,35,Omicron BA.2,,,,,,,,,,,,,,,
3/4/22,733,14.9,17.5,23.2,34.9,Omicron BA.2,,,,,,,,,,,,,,,
3/5/22,734,14.9,17.4,23.1,35.1,Omicron BA.2,,,,,,,,,,,,,,,
3/6/22,735,15,17.2,23.9,35.7,Omicron BA.2,,,,,,,,,,,,,,,
3/7/22,736,15.8,17.6,24.9,34.9,Omicron BA.2,,,,,,,,,,,,,,,
3/8/22,737,16.2,17.1,26.3,35.2,Omicron BA.2,,,,,,,,,,,,,,,
3/9/22,738,16.2,18.8,27.6,35.4,Omicron BA.2,,,,,,,,,,,,,,,
3/10/22,739,16.3,18.9,29.9,34.6,Omicron BA.2,,,,,,,,,,,,,,,
3/11/22,740,16.6,19.5,30.4,34.4,Omicron BA.2,,,,,,,,,,,,,,,
3/12/22,741,17,20,30.9,35.5,Omicron BA.2,,,,,,,,,,,,,,,
3/13/22,742,17.5,20.7,31.6,37,Omicron BA.2,,,,,,,,,,,,,,,
3/14/22,743,18.7,20.9,33,37.1,Omicron BA.2,,,,,,,,,,,,,,,
3/15/22,744,19.2,21.8,36.5,36.6,Omicron BA.2,,,,,,,,,,,,,,,
3/16/22,745,19.5,23.3,36.6,35.7,Omicron BA.2,,,,,,,,,,,,,,,
3/17/22,746,20.1,25.2,37.3,36.4,Omicron BA.2,,,,,,,,,,,,,,,
3/18/22,747,20.5,25.4,37.5,34.7,Omicron BA.2,,,,,,,,,,,,,,,
3/19/22,748,20.6,24.8,38.3,34.9,Omicron BA.2,,,,,,,,,,,,,,,
3/20/22,749,21.3,26.3,37.7,35.6,Omicron BA.2,,,,,,,,,,,,,,,
3/21/22,750,22.6,27.5,38.9,35.6,Omicron BA.2,,,,,,,,,,,,,,,
3/22/22,751,23.1,28.8,40.6,34.7,Omicron BA.2,,,,,,,,,,,,,,,
3/23/22,752,23.4,29.4,41.3,34.3,Omicron BA.2,,,,,,,,,,,,,,,
3/24/22,753,24.1,31.2,42.5,34,Omicron BA.2,,,,,,,,,,,,,,,
3/25/22,754,24.5,32.1,42.6,32.6,Omicron BA.2,,,,,,,,,,,,,,,
3/26/22,755,24.4,31.9,42.2,32.6,Omicron BA.2,,,,,,,,,,,,,,,
3/27/22,756,25.6,33,42.3,33.3,Omicron BA.2,,,,,,,,,,,,,,,
3/28/22,757,26.8,33.4,43.2,33.3,Omicron BA.2,,,,Face coverings not a legal requirement on public transport,open,masks,,,,,,,,,
3/29/22,758,27.3,33.2,43.6,32.7,Omicron BA.2,,,,,,,,,,,,,,,
3/30/22,759,27.6,32.3,42.9,31.5,Omicron BA.2,,,,,,,,,,,,,,,
3/31/22,760,27.7,32.5,43.6,30.2,Omicron BA.2,,,,,,,,,,,,,,,
4/1/22,761,28.2,33.5,43.6,28.8,Omicron BA.2,,,,,,,,,,,,,,,
4/2/22,762,27.8,31.2,42.6,29.3,Omicron BA.2,,,,,,,,,,,,,,,
4/3/22,763,28.3,32,43.9,29.2,Omicron BA.2,,,,,,,,,,,,,,,
4/4/22,764,0,32.5,43.4,28,Omicron BA.2,,,,,,,,,,,,,,,
4/5/22,765,0,0,43.5,0,Omicron BA.2,,,,,,,,,,,,,,,
4/6/22,766,,,,,,,,,,,,,,,,,,,,
4/7/22,767,,,,,,,,,,,,,,,,,,,,
4/8/22,768,,,,,,,,,,,,,,,,,,,,
4/9/22,769,,,,,,,,,,,,,,,,,,,,
4/10/22,770,,,,,,,,,,,,,,,,,,,,
4/11/22,771,,,,,,,,,,,,,,,,,,,,
4/12/22,772,,,,,,,,,,,,,,,,,,,,
4/13/22,773,,,,,,,,,,,,,,,,,,,,
4/14/22,774,,,,,,,,,,,,,,,,,,,,
4/15/22,775,,,,,,,,,,,,,,,,,,,,
4/16/22,776,,,,,,,,,,,,,,,,,,,,
4/17/22,777,,,,,,,,,,,,,,,,,,,,
4/18/22,778,,,,,,,,,,,,Legal requirement for face coverings on public transport and other settings lifted,open,masks,,,,,,